domain,start_rank,end_rank,rank_change,change_percent
yorkcycleworks.com,0,999826,1000000,新进入
bestofcd.com,0,999899,1000000,新进入
coolstatic.com,0,1000000,1000000,新进入
rock929rocks.com,0,999998,1000000,新进入
hwfire.org.uk,0,999991,1000000,新进入
nutrilawn.com,0,999970,1000000,新进入
cltp.co,0,999954,1000000,新进入
redbullshop.us,0,999952,1000000,新进入
kidsburgh.org,0,999940,1000000,新进入
insto.app,0,999932,1000000,新进入
sacatonschools.org,0,999931,1000000,新进入
digitalmapcentral.com,0,999926,1000000,新进入
qrper.net,0,999921,1000000,新进入
dackscompany.com,0,999912,1000000,新进入
brownandbigelow.com,0,999911,1000000,新进入
retemetis.net,0,999909,1000000,新进入
thevirtualpeople.net,0,999906,1000000,新进入
kutekorean.com,0,999902,1000000,新进入
betfusionpro.com,0,999900,1000000,新进入
entprojects.com,0,999836,1000000,新进入
justtojob.online,0,999751,1000000,新进入
jockeyjournal.com,0,999749,1000000,新进入
nstp.com.my,0,999747,1000000,新进入
pg88-vn.co,0,999735,1000000,新进入
mothertomothercare.com,0,999732,1000000,新进入
zx777.live,0,999730,1000000,新进入
zx777.games,0,999729,1000000,新进入
yquarter.com,0,999728,1000000,新进入
xperity.de,0,999727,1000000,新进入
winningalertzone.com,0,999726,1000000,新进入
twinklenotestool.com,0,999725,1000000,新进入
tuviszesty.com,0,999724,1000000,新进入
talko-m.ir,0,999723,1000000,新进入
syxpi.fr,0,999722,1000000,新进入
sixsnazzy.com,0,999721,1000000,新进入
rosaledasmailer.com,0,999720,1000000,新进入
outretain.com,0,999719,1000000,新进入
oartustauft.com,0,999718,1000000,新进入
mitconfine.com,0,999717,1000000,新进入
milysordid.com,0,999716,1000000,新进入
maydeep.com,0,999715,1000000,新进入
lovelace.ai,0,999714,1000000,新进入
liamsnake.com,0,999713,1000000,新进入
hlyun.cc,0,999712,1000000,新进入
euroval.com,0,999711,1000000,新进入
esselated.com,0,999710,1000000,新进入
blouuj.top,0,999709,1000000,新进入
bimbelsmartplus.co.id,0,999708,1000000,新进入
asdfg1.life,0,999707,1000000,新进入
6opmbet.com,0,999706,1000000,新进入
60pmbet777.com,0,999705,1000000,新进入
60pmbet.xyz,0,999704,1000000,新进入
60pmbet.vip,0,999703,1000000,新进入
5mbr.com,0,999702,1000000,新进入
56d.vip,0,999701,1000000,新进入
flamenetworks.com,0,999691,1000000,新进入
mrt-spb12.ru,0,999690,1000000,新进入
gosawa.com,0,999677,1000000,新进入
veintedocetenis.com,0,999674,1000000,新进入
velitessport.com,0,999668,1000000,新进入
perion.gg,0,999659,1000000,新进入
portlandrunning.com,0,999654,1000000,新进入
locandavecchia.com,0,999653,1000000,新进入
takipmax.com,0,999652,1000000,新进入
daviddidonatello.it,0,999648,1000000,新进入
falconbandalarga.com.br,0,999645,1000000,新进入
occasionedcaneturner.com,0,999637,1000000,新进入
mscaa.com,0,999629,1000000,新进入
yellowdog.software,0,999618,1000000,新进入
magazintime.net,0,999616,1000000,新进入
v3apparel.com,0,999613,1000000,新进入
lawrenciacycles.com.au,0,999612,1000000,新进入
minvostokrazvitia.ru,0,999611,1000000,新进入
ewall.biz,0,999610,1000000,新进入
cropking.com,0,999609,1000000,新进入
armonias.com,0,999607,1000000,新进入
okcorral.fr,0,999597,1000000,新进入
icrimefighter.com,0,999594,1000000,新进入
maverick.ru,0,999592,1000000,新进入
supportgis.de,0,999585,1000000,新进入
ezwontech.com,0,999582,1000000,新进入
as29075.net,0,999579,1000000,新进入
teccom-eu.net,0,999574,1000000,新进入
wowjobs.us,0,999566,1000000,新进入
silverstrategiescenter.com,0,999564,1000000,新进入
proxyshare.com,0,999563,1000000,新进入
pg-nmx.com,0,999562,1000000,新进入
larocheposay.com.au,0,999561,1000000,新进入
kailitec.com,0,999560,1000000,新进入
gerconsent.com,0,999559,1000000,新进入
fishmix70.art,0,999558,1000000,新进入
devemdobro.com,0,999557,1000000,新进入
ayzurf.com,0,999556,1000000,新进入
qiqizhongzhi.com,0,999554,1000000,新进入
alps.co.jp,0,999553,1000000,新进入
norrmejerier.se,0,999547,1000000,新进入
teroasia.com,0,999546,1000000,新进入
exiles.su,0,999542,1000000,新进入
tileadult.com,0,999541,1000000,新进入
unitedcle.com,0,999531,1000000,新进入
