domain,start_rank,end_rank,rank_change,change_percent
thevirtualpeople.net,0,999906,1000000,新进入
coolstatic.com,0,1000000,1000000,新进入
rock929rocks.com,0,999998,1000000,新进入
hwfire.org.uk,0,999991,1000000,新进入
yurecnt.ru,0,999978,1000000,新进入
nutrilawn.com,0,999970,1000000,新进入
cltp.co,0,999954,1000000,新进入
redbullshop.us,0,999952,1000000,新进入
kidsburgh.org,0,999940,1000000,新进入
insto.app,0,999932,1000000,新进入
ukrintschool.org.ua,0,999801,1000000,新进入
goodtire.com,0,999811,1000000,新进入
mitosbetting77.com,0,999817,1000000,新进入
oo22.xyz,0,999821,1000000,新进入
yorkcycleworks.com,0,999826,1000000,新进入
entprojects.com,0,999836,1000000,新进入
gensace.de,0,999840,1000000,新进入
precisionmedicinegrp.com,0,999841,1000000,新进入
yoga-insure.co.uk,0,999846,1000000,新进入
kurazhov.ru,0,999853,1000000,新进入
mk-miqifs.top,0,999859,1000000,新进入
esser-systems.com,0,999862,1000000,新进入
sgv-usam.ch,0,999879,1000000,新进入
epicbikes.com.ar,0,999882,1000000,新进入
allaboutportugal.pt,0,999895,1000000,新进入
ateexpo.com,0,999897,1000000,新进入
56d.vip,0,999701,1000000,新进入
5mbr.com,0,999702,1000000,新进入
60pmbet.vip,0,999703,1000000,新进入
60pmbet.xyz,0,999704,1000000,新进入
60pmbet777.com,0,999705,1000000,新进入
6opmbet.com,0,999706,1000000,新进入
asdfg1.life,0,999707,1000000,新进入
bimbelsmartplus.co.id,0,999708,1000000,新进入
blouuj.top,0,999709,1000000,新进入
esselated.com,0,999710,1000000,新进入
dokoda.info,0,999789,1000000,新进入
greatfxmedia.com,0,999792,1000000,新进入
conftec.com,0,999796,1000000,新进入
matinlibre.com,0,999800,1000000,新进入
maydeep.com,0,999715,1000000,新进入
milysordid.com,0,999716,1000000,新进入
v3apparel.com,0,999613,1000000,新进入
magazintime.net,0,999616,1000000,新进入
yellowdog.software,0,999618,1000000,新进入
mscaa.com,0,999629,1000000,新进入
occasionedcaneturner.com,0,999637,1000000,新进入
falconbandalarga.com.br,0,999645,1000000,新进入
daviddidonatello.it,0,999648,1000000,新进入
takipmax.com,0,999652,1000000,新进入
